file,width,height,aspect,short_side,brightness_mean,brightness_std,saturation_mean,edge_density,bg_complexity_ratio,group
data/oxford-iiit-pet/images/american_pit_bull_terrier_65.jpg,500,375,1.3333333333333333,375,0.19252560399159666,0.18088538967501464,0.5329362995198079,0.30490672831632654,0.6815732522014816,dataset
data/oxford-iiit-pet/images/japanese_chin_76.jpg,500,483,1.0351966873706004,483,0.6782921762454982,0.2584645407112038,0.2860550470188075,0.06674505739795919,5.793186582572077,dataset
data/oxford-iiit-pet/images/yorkshire_terrier_15.jpg,480,500,0.96,480,0.41216424069627855,0.2891380638716766,0.49149120585734296,0.2000358737244898,0.5871575366549826,dataset
data/oxford-iiit-pet/images/beagle_121.jpg,500,375,1.3333333333333333,375,0.39502746411064427,0.19280129802429968,0.4439378094987995,0.18004623724489796,0.3813601120218192,dataset
data/oxford-iiit-pet/images/boxer_107.jpg,417,500,0.834,417,0.32578523596938774,0.1466877602640344,0.25205519707883156,0.09887197066326531,0.1191053052771173,dataset
data/oxford-iiit-pet/images/beagle_17.jpg,333,500,0.666,333,0.4342766012655062,0.32792991289817336,0.16688714548319328,0.04075653698979592,0.14126000706207698,dataset
data/oxford-iiit-pet/images/Abyssinian_132.jpg,500,333,1.5015015015015014,333,0.5092195471938775,0.1362573737378167,0.06488095238095239,0.061822385204081634,0.7942420333056036,dataset
data/oxford-iiit-pet/images/Abyssinian_99.jpg,450,299,1.5050167224080269,299,0.27260482317927176,0.1505313488529623,0.6706627963685474,0.12878667091836735,0.6432817665084886,dataset
data/oxford-iiit-pet/images/Birman_28.jpg,500,375,1.3333333333333333,375,0.32834672931672665,0.2547182057658801,0.3938816151460584,0.09986846301020408,2.106815986201921,dataset
data/oxford-iiit-pet/images/miniature_pinscher_148.jpg,300,225,1.3333333333333333,225,0.2885611275760304,0.15225183946071089,0.2909465348639456,0.10574776785714286,1.3471690139817722,dataset
data/oxford-iiit-pet/images/saint_bernard_182.jpg,500,375,1.3333333333333333,375,0.3475340917617047,0.18315154872535797,0.5125553346338535,0.17528300382653061,0.638862380204451,dataset
data/oxford-iiit-pet/images/staffordshire_bull_terrier_111.jpg,500,376,1.3297872340425532,376,0.3390424138405362,0.22935415967689243,0.37386196666166466,0.07162786989795919,0.20321393050948564,dataset
data/oxford-iiit-pet/images/Persian_55.jpg,500,486,1.02880658436214,486,0.6134626506852742,0.15319189525305865,0.2459957420468187,0.16019610969387754,0.2373679350711309,dataset
data/oxford-iiit-pet/images/scottish_terrier_172.jpg,375,500,0.75,375,0.3032254307973189,0.276818223175685,0.31721930959883954,0.06823979591836735,0.5365139298410347,dataset
data/oxford-iiit-pet/images/english_setter_176.jpg,500,342,1.4619883040935673,342,0.38136793780012007,0.17259981230880483,0.3346145489445778,0.0917171556122449,0.2920271110478518,dataset
data/oxford-iiit-pet/images/newfoundland_56.jpg,500,333,1.5015015015015014,333,0.4053246298519408,0.28295361975853467,0.216554825055022,0.23580994897959184,0.6394620255954536,dataset
data/oxford-iiit-pet/images/Birman_102.jpg,332,500,0.664,332,0.31826027285914366,0.12318415486671142,0.1852796587384954,0.03677056760204082,0.6271021496229922,dataset
data/oxford-iiit-pet/images/chihuahua_195.jpg,300,225,1.3333333333333333,225,0.30554839123149263,0.3018160646854054,0.5166744822929172,0.10899633290816327,0.7245086443932554,dataset
data/oxford-iiit-pet/images/Sphynx_252.jpg,543,529,1.0264650283553876,529,0.41131561999799915,0.15679993981594623,0.3315401942026811,0.06265943877551021,0.3480228459858617,dataset
data/oxford-iiit-pet/images/chihuahua_32.jpg,375,500,0.75,375,0.28945820515706283,0.18420900010602811,0.8263030993647459,0.06345663265306123,0.1858205095105465,dataset
data/oxford-iiit-pet/images/saint_bernard_151.jpg,500,375,1.3333333333333333,375,0.5896677420968388,0.3471368267478052,0.23094495610744298,0.06473214285714286,0.40452111061114204,dataset
data/oxford-iiit-pet/images/staffordshire_bull_terrier_27.jpg,424,500,0.848,424,0.2768603535164066,0.1930853984738426,0.7874674088385354,0.2487842793367347,0.44845962373254167,dataset
data/oxford-iiit-pet/images/german_shorthaired_88.jpg,401,500,0.802,401,0.4110956882753101,0.1953892713956525,0.17452582595538216,0.3035514987244898,0.27159139167962854,dataset
data/oxford-iiit-pet/images/chihuahua_90.jpg,500,333,1.5015015015015014,333,0.48346447954181676,0.11048775974520578,0.4101968912565026,0.20649314413265307,0.5480663283277485,dataset
data/oxford-iiit-pet/images/Maine_Coon_174.jpg,375,500,0.75,375,0.4075953819027611,0.12196607516050569,0.17843340461184473,0.0330436862244898,0.1462038566619635,dataset
data/oxford-iiit-pet/images/Maine_Coon_171.jpg,500,375,1.3333333333333333,375,0.2470565569977991,0.1571124714641585,0.43854080694777914,0.10126355229591837,0.09924332446169482,dataset
data/oxford-iiit-pet/images/newfoundland_50.jpg,500,417,1.1990407673860912,417,0.5731577787364945,0.26339625198171834,0.3815120579481793,0.15076929209183673,0.2592625150627395,dataset
data/oxford-iiit-pet/images/Russian_Blue_150.jpg,500,333,1.5015015015015014,333,0.4775589141906763,0.27829705970843704,0.2131622180122049,0.06116470025510204,0.7196980463533128,dataset
data/oxford-iiit-pet/images/Sphynx_103.jpg,500,334,1.4970059880239521,334,0.2728248330582233,0.23473529183948819,0.33890392094337735,0.08944515306122448,0.3988049670232261,dataset
data/oxford-iiit-pet/images/yorkshire_terrier_14.jpg,356,500,0.712,356,0.3547955119547819,0.2508959979200934,0.5126251281762705,0.14764030612244897,0.2570073600364928,dataset
data/oxford-iiit-pet/images/samoyed_94.jpg,425,500,0.85,425,0.4946655224589836,0.33077096587006066,0.3224655487194878,0.09303252551020408,1.1833047931649985,dataset
data/oxford-iiit-pet/images/havanese_140.jpg,500,362,1.3812154696132597,362,0.2907412965186074,0.27285112468130696,0.5040547468987595,0.10762117346938775,0.5488386997642363,dataset
data/oxford-iiit-pet/images/miniature_pinscher_38.jpg,500,333,1.5015015015015014,333,0.46695435986894757,0.2772236712561205,0.2834626037915166,0.14570711096938777,0.675462625596784,dataset
data/oxford-iiit-pet/images/basset_hound_14.jpg,500,333,1.5015015015015014,333,0.5409030018257304,0.21625582946540634,0.37507565526210485,0.10833864795918367,0.24920998606432554,dataset
data/oxford-iiit-pet/images/Siamese_100.jpg,500,375,1.3333333333333333,375,0.4474141218987595,0.18516330001921455,0.4884629633103241,0.05552455357142857,0.2665606019306089,dataset
data/oxford-iiit-pet/images/newfoundland_86.jpg,332,500,0.664,332,0.44615189825930374,0.24974429542605728,0.38866085496698677,0.3016382334183674,0.4288120313818167,dataset
data/oxford-iiit-pet/images/keeshond_200.jpg,333,500,0.666,333,0.5106001775710285,0.2821936210237129,0.2919359149909964,0.08715322066326531,0.6755993224849761,dataset
data/oxford-iiit-pet/images/saint_bernard_163.jpg,500,375,1.3333333333333333,375,0.3078871392306923,0.21457625205939768,0.4510247067577031,0.13044084821428573,0.2629247772076289,dataset
data/oxford-iiit-pet/images/samoyed_70.jpg,500,333,1.5015015015015014,333,0.3603225665266106,0.1326336914297006,0.11924261892256903,0.08906648596938775,0.668063296958427,dataset
data/oxford-iiit-pet/images/american_bulldog_174.jpg,500,333,1.5015015015015014,333,0.4907842043067227,0.25984710651668247,0.18867898721988796,0.04310825892857143,1.2601631146362877,dataset
data/oxford-iiit-pet/images/leonberger_107.jpg,333,500,0.666,333,0.4258793361094438,0.16889005686655006,0.11595067714585834,0.12234933035714286,0.3508313452908937,dataset
data/oxford-iiit-pet/images/boxer_141.jpg,500,309,1.6181229773462784,309,0.5199901835734294,0.23561434240116202,0.307085568602441,0.09548389668367346,0.2096817358685053,dataset
data/oxford-iiit-pet/images/pug_154.jpg,300,225,1.3333333333333333,225,0.6058420243097239,0.20505551335700942,0.1021654755652261,0.09548389668367346,0.9577183469880511,dataset
data/oxford-iiit-pet/images/american_pit_bull_terrier_96.jpg,375,500,0.75,375,0.47967054009103643,0.2792510846323858,0.3215488539165666,0.17759486607142858,0.379120149260563,dataset
data/oxford-iiit-pet/images/english_cocker_spaniel_180.jpg,500,391,1.278772378516624,391,0.35201947966686675,0.16932866984633724,0.5553835596738695,0.09524473852040816,0.5672475204235767,dataset
data/oxford-iiit-pet/images/Sphynx_44.jpg,500,401,1.2468827930174564,401,0.5945686868497398,0.1770131765411066,0.44467849639855944,0.051678093112244895,0.23713277883367784,dataset
data/oxford-iiit-pet/images/american_bulldog_103.jpg,375,500,0.75,375,0.4069487169867947,0.23371784342807583,0.40175726540616247,0.15084901147959184,0.5391239812888453,dataset
data/oxford-iiit-pet/images/german_shorthaired_20.jpg,375,500,0.75,375,0.45857655562224886,0.24999550244271884,0.5186152586034414,0.2622169961734694,0.3066034021282673,dataset
data/oxford-iiit-pet/images/Bombay_118.jpg,300,157,1.910828025477707,157,0.41115852591036417,0.3589677414915399,0.09416477528511405,0.07938058035714286,5.124388636912422,dataset
data/oxford-iiit-pet/images/British_Shorthair_196.jpg,333,500,0.666,333,0.5084248543167267,0.2834489906892367,0.17239325417667067,0.1367785395408163,0.4212098198972342,dataset
data/oxford-iiit-pet/images/Russian_Blue_212.jpg,500,334,1.4970059880239521,334,0.6492232049069628,0.3472665999228451,0.0767951711934774,0.052853954081632654,0.21235731897967267,dataset
data/oxford-iiit-pet/images/Siamese_130.jpg,500,375,1.3333333333333333,375,0.5187491402811124,0.20817680325338977,0.32133525285114045,0.05919164540816327,0.7070578807319915,dataset
data/oxford-iiit-pet/images/german_shorthaired_73.jpg,334,500,0.668,334,0.4132168492396959,0.20027712625984662,0.6655219118897558,0.35654496173469385,0.2801412571362445,dataset
data/oxford-iiit-pet/images/german_shorthaired_21.jpg,307,500,0.614,307,0.3889328387605042,0.1924811588734746,0.19034363745498198,0.2842394770408163,0.13758004160610227,dataset
data/oxford-iiit-pet/images/keeshond_6.jpg,500,500,1.0,500,0.4971558154511805,0.2682942706151064,0.09505778874049621,0.08567841198979592,0.38693792556040685,dataset
data/oxford-iiit-pet/images/keeshond_132.jpg,500,375,1.3333333333333333,375,0.47127898034213683,0.17773499256087236,0.17863035839335734,0.24553571428571427,0.6733412536438482,dataset
data/oxford-iiit-pet/images/wheaten_terrier_148.jpg,500,333,1.5015015015015014,333,0.7145131490096038,0.14835144088793392,0.3429903992847139,0.10369499362244898,0.11507946806404806,dataset
data/oxford-iiit-pet/images/Ragdoll_85.jpg,500,333,1.5015015015015014,333,0.2567409776410564,0.2537670628916946,0.4087380264605842,0.08974410076530612,0.5675371924793926,dataset
data/oxford-iiit-pet/images/miniature_pinscher_29.jpg,500,384,1.3020833333333333,384,0.5410148434373749,0.24892976040639916,0.5244117959683873,0.1986407844387755,0.23725677399923972,dataset
data/oxford-iiit-pet/images/japanese_chin_61.jpg,500,375,1.3333333333333333,375,0.4059444871698679,0.2247985011901477,0.42020331570128056,0.07306281887755102,0.7355827103098111,dataset
data/oxford-iiit-pet/images/Ragdoll_129.jpg,335,500,0.67,335,0.3245899922468988,0.14460091437389974,0.24168948829531814,0.06714365433673469,0.5419533761695624,dataset
data/oxford-iiit-pet/images/saint_bernard_114.jpg,500,375,1.3333333333333333,375,0.3401793529911965,0.2247464333697642,0.5811063487895158,0.07126913265306123,0.28798074365437903,dataset
data/oxford-iiit-pet/images/japanese_chin_74.jpg,500,375,1.3333333333333333,375,0.44134005164565826,0.2740712564044276,0.34686632465486195,0.1934390943877551,0.6298137984316456,dataset
data/oxford-iiit-pet/images/wheaten_terrier_57.jpg,500,375,1.3333333333333333,375,0.3863626700680272,0.18706611928372863,0.21075070653261305,0.16703204719387754,1.3057873082698896,dataset
data/oxford-iiit-pet/images/english_cocker_spaniel_35.jpg,500,333,1.5015015015015014,333,0.4511855523459384,0.2846094581813027,0.2116296518607443,0.1451092155612245,0.29815079574825865,dataset
data/oxford-iiit-pet/images/Russian_Blue_40.jpg,500,334,1.4970059880239521,334,0.5470089598339336,0.32838682180520595,0.18787546268507402,0.12298708545918367,0.5741511163517358,dataset
data/oxford-iiit-pet/images/Sphynx_233.jpg,625,414,1.5096618357487923,414,0.31394635979391755,0.2554686184453456,0.6263828187525009,0.09115911989795919,0.5254977779091886,dataset
data/oxford-iiit-pet/images/Egyptian_Mau_223.jpg,194,259,0.749034749034749,194,0.5751054327981193,0.15639550173788971,0.4291454081632653,0.15660873724489796,0.20691415915732292,dataset
data/oxford-iiit-pet/images/Russian_Blue_153.jpg,400,267,1.4981273408239701,267,0.38123647896658663,0.15952373948331325,0.1498935511704682,0.10068558673469388,0.14533825195944844,dataset
data/oxford-iiit-pet/images/Sphynx_231.jpg,625,430,1.4534883720930232,430,0.3986830669767907,0.16610222212164485,0.41982793117246897,0.09151785714285714,0.9218338971780519,dataset
data/oxford-iiit-pet/images/British_Shorthair_18.jpg,500,332,1.5060240963855422,332,0.5090352547268907,0.2658118642864265,0.12780416854241697,0.24938217474489796,0.34354144343883053,dataset
data/oxford-iiit-pet/images/pomeranian_88.jpg,500,375,1.3333333333333333,375,0.5511684361244498,0.2646404526287544,0.19026040103541417,0.07172751913265306,0.5163183832640799,dataset
data/oxford-iiit-pet/images/saint_bernard_17.jpg,500,375,1.3333333333333333,375,0.5258825405162064,0.22545781650918334,0.3146490627501001,0.07272401147959184,0.6792572618795634,dataset
data/oxford-iiit-pet/images/leonberger_121.jpg,500,375,1.3333333333333333,375,0.41942722401460586,0.15253332486248497,0.4798929728141257,0.18213887117346939,0.40837346020851306,dataset
data/oxford-iiit-pet/images/beagle_200.jpg,500,333,1.5015015015015014,333,0.30448194902961184,0.2389999029257163,0.40199634541316526,0.09460698341836735,0.3370343140298178,dataset
data/oxford-iiit-pet/images/Egyptian_Mau_194.jpg,400,290,1.3793103448275863,290,0.43631327531012404,0.1854599572664504,0.18143015018507402,0.10616629464285714,0.26183990707379257,dataset
data/oxford-iiit-pet/images/miniature_pinscher_144.jpg,300,225,1.3333333333333333,225,0.4653531725190076,0.32766036613798927,0.22354011917266906,0.12045599489795919,0.47373843952878214,dataset
data/oxford-iiit-pet/images/miniature_pinscher_62.jpg,500,345,1.4492753623188406,345,0.5377279818177272,0.20954759417123853,0.5140625,0.13504464285714285,0.9704706879941316,dataset
data/oxford-iiit-pet/images/american_bulldog_205.jpg,500,335,1.492537313432836,335,0.3861439888455382,0.24310053155433436,0.3069158913565426,0.11108896683673469,0.354932775337902,dataset
data/oxford-iiit-pet/images/Russian_Blue_198.jpg,500,333,1.5015015015015014,333,0.46553050907863147,0.2450238654131232,0.1408998755752301,0.1285674426020408,0.2526070047412327,dataset
data/oxford-iiit-pet/images/basset_hound_5.jpg,500,375,1.3333333333333333,375,0.4673529568077231,0.20629721883958158,0.12244436837234894,0.1934191645408163,0.3692092363332261,dataset
data/oxford-iiit-pet/images/Sphynx_188.jpg,500,375,1.3333333333333333,375,0.3214669461534614,0.2030293532711913,0.4108891994297719,0.09996811224489796,0.23277293164787444,dataset
data/oxford-iiit-pet/images/Ragdoll_7.jpg,333,500,0.666,333,0.517061043167267,0.23457479694558653,0.319195725165066,0.07758689413265306,0.5964565985455338,dataset
data/oxford-iiit-pet/images/Bengal_160.jpg,296,300,0.9866666666666667,296,0.3340214992246899,0.2502617103268393,0.2923454538065226,0.1734295280612245,0.13838641427505757,dataset
data/oxford-iiit-pet/images/american_pit_bull_terrier_91.jpg,500,334,1.4970059880239521,334,0.18190479316726693,0.10511376041355017,0.5414433742246898,0.042311065051020405,0.12593295604307478,dataset
data/oxford-iiit-pet/images/Bombay_84.jpg,300,209,1.4354066985645932,209,0.35871919080132053,0.2415664793625658,0.3166527548519408,0.1565888073979592,0.3944090782831019,dataset
data/oxford-iiit-pet/images/pomeranian_68.jpg,333,500,0.666,333,0.4186885691776711,0.18781969597239193,0.44195561036914766,0.040935905612244895,0.5547146910769442,dataset
data/oxford-iiit-pet/images/saint_bernard_59.jpg,500,375,1.3333333333333333,375,0.6247148859543817,0.12812564650937666,0.18027695453181272,0.1210140306122449,0.2692708753621525,dataset
data/oxford-iiit-pet/images/yorkshire_terrier_123.jpg,300,225,1.3333333333333333,225,0.3874196553621449,0.06492587455258042,0.5521899384753901,0.022042410714285716,0.22151181630297032,dataset
data/oxford-iiit-pet/images/Bengal_17.jpg,500,375,1.3333333333333333,375,0.4832450949129652,0.17945951148428685,0.5298388105242097,0.3634406887755102,0.4242468554267467,dataset
data/oxford-iiit-pet/images/shiba_inu_147.jpg,375,500,0.75,375,0.454171981292517,0.19416958908340798,0.2989357461734694,0.23634805484693877,1.3557705846134365,dataset
data/oxford-iiit-pet/images/Bengal_16.jpg,500,333,1.5015015015015014,333,0.36722102903661463,0.2010940924671195,0.35169739770908365,0.11864237882653061,0.1209246299098988,dataset
data/oxford-iiit-pet/images/Russian_Blue_83.jpg,500,333,1.5015015015015014,333,0.4466266975540216,0.21820630091456225,0.27171134078631454,0.16663345025510204,0.39939191712006955,dataset
data/oxford-iiit-pet/images/beagle_57.jpg,334,500,0.668,334,0.23145977140856344,0.24993120516392994,0.48066117071828734,0.09056122448979592,0.2763177804492691,dataset
data/oxford-iiit-pet/images/yorkshire_terrier_49.jpg,500,333,1.5015015015015014,333,0.3270197141356543,0.2708862843902117,0.6427816439075631,0.21360809948979592,0.5975123495084993,dataset
data/oxford-iiit-pet/images/Sphynx_132.jpg,500,375,1.3333333333333333,375,0.16511682798119248,0.21755083142251713,0.5596425288865545,0.06558912627551021,0.40369445701427664,dataset
data/oxford-iiit-pet/images/staffordshire_bull_terrier_10.jpg,500,375,1.3333333333333333,375,0.514250387655062,0.18174698564583053,0.24600582420468187,0.28250558035714285,0.954292151736984,dataset
data/oxford-iiit-pet/images/american_pit_bull_terrier_29.jpg,500,379,1.3192612137203166,379,0.3442888092737095,0.19192105093402767,0.36773435936874754,0.2682358099489796,1.0992773484126688,dataset
data/oxford-iiit-pet/images/Bombay_128.jpg,600,870,0.6896551724137931,600,0.302461531487595,0.16553945779395127,0.4985405099539816,0.026526626275510203,0.6901923384749163,dataset
data/oxford-iiit-pet/images/Sphynx_199.jpg,446,500,0.892,446,0.36461936337034817,0.2785428762238185,0.28014995060524206,0.09697863520408163,0.19520863378159106,dataset
data/oxford-iiit-pet/images/shiba_inu_97.jpg,500,317,1.5772870662460567,317,0.762203162515006,0.1678753059977793,0.12768412052320927,0.03944116709183673,0.07919624199524677,dataset
data/oxford-iiit-pet/images/British_Shorthair_266.jpg,300,259,1.1583011583011582,259,0.45171607705582234,0.10240079720268361,0.4797058667216887,0.06279894770408163,0.06128777856298144,dataset
data/oxford-iiit-pet/images/german_shorthaired_130.jpg,333,500,0.666,333,0.48788953081232495,0.1289185112103313,0.061481702055822325,0.09753667091836735,0.25386502491025736,dataset
data/oxford-iiit-pet/images/staffordshire_bull_terrier_70.jpg,375,500,0.75,375,0.5601619554071628,0.21332235087527476,0.2347610137805122,0.21189413265306123,0.3795692233320739,dataset
data/oxford-iiit-pet/images/staffordshire_bull_terrier_194.jpg,500,375,1.3333333333333333,375,0.6019124055872349,0.3440640389824219,0.226109506302521,0.19377790178571427,0.504019077493653,dataset
data/oxford-iiit-pet/images/japanese_chin_32.jpg,500,333,1.5015015015015014,333,0.3169034801420568,0.2065771093909645,0.35983237044817923,0.08567841198979592,0.20053401998898016,dataset
data/oxford-iiit-pet/images/leonberger_162.jpg,500,340,1.4705882352941178,340,0.45914608030712284,0.33408482096832665,0.1889044680372149,0.13639987244897958,0.323004496584029,dataset
data/oxford-iiit-pet/images/Egyptian_Mau_133.jpg,400,300,1.3333333333333333,300,0.6435890762555022,0.18392060340781843,0.11484171793717488,0.11284279336734694,0.2495990835888667,dataset
data/oxford-iiit-pet/images/Siamese_167.jpg,500,375,1.3333333333333333,375,0.5694044805422168,0.22371232683308317,0.21276158901060424,0.09731744260204081,0.1657551516873975,dataset
data/oxford-iiit-pet/images/american_bulldog_194.jpg,461,500,0.922,461,0.45681053671468586,0.2419659286808311,0.285492243772509,0.06808035714285714,0.4475907660597546,dataset
data/oxford-iiit-pet/images/Persian_61.jpg,332,500,0.664,332,0.6791379051620648,0.19770346373351622,0.14905344950480193,0.06333705357142858,0.27062351777793453,dataset
data/oxford-iiit-pet/images/pug_11.jpg,500,333,1.5015015015015014,333,0.37138683598439376,0.29774874170667137,0.25008057910664266,0.07391980229591837,0.5607436320531186,dataset
data/oxford-iiit-pet/images/japanese_chin_127.jpg,375,500,0.75,375,0.553915237970188,0.24878491237392297,0.255499230942377,0.20244738520408162,0.3501555980139135,dataset
data/oxford-iiit-pet/images/Egyptian_Mau_87.jpg,600,393,1.5267175572519085,393,0.5828973777010804,0.22200685606042742,0.509587194252701,0.21037946428571427,0.21161478729574232,dataset
data/oxford-iiit-pet/images/Bombay_11.jpg,300,284,1.056338028169014,284,0.42137894220188077,0.3692599070573358,0.2992636898509404,0.026506696428571428,1.9051271921935349,dataset
data/oxford-iiit-pet/images/Abyssinian_205.jpg,240,300,0.8,240,0.34866790466186476,0.15658687901206628,0.2304903211284514,0.19664779974489796,0.2544699951452198,dataset
data/oxford-iiit-pet/images/Egyptian_Mau_174.jpg,525,700,0.75,525,0.623117137479992,0.17342822283589862,0.11373690101040417,0.1355030293367347,0.5868771765805315,dataset
data/oxford-iiit-pet/images/pug_20.jpg,500,375,1.3333333333333333,375,0.4338400203831533,0.24035753798133744,0.24140703156262505,0.26444913903061223,0.289431253267376,dataset
data/oxford-iiit-pet/images/german_shorthaired_62.jpg,400,500,0.8,400,0.7305266637905162,0.2506795614975131,0.0953186743447379,0.1365593112244898,0.30523801999088135,dataset
data/oxford-iiit-pet/images/pug_186.jpg,261,300,0.87,261,0.3947385985644258,0.17502850695281327,0.0972560117797119,0.20667251275510204,0.359959768877999,dataset
data/oxford-iiit-pet/images/Ragdoll_137.jpg,500,479,1.0438413361169103,479,0.3803530787314926,0.22514163315656352,0.37610223777010804,0.09566326530612244,0.16113641005764046,dataset
data/oxford-iiit-pet/images/Persian_185.jpg,375,500,0.75,375,0.34701013217787113,0.26074546908845175,0.17242568902561023,0.053790656887755105,1.121279946826312,dataset
data/oxford-iiit-pet/images/great_pyrenees_48.jpg,404,500,0.808,404,0.488015831332533,0.2138879739951611,0.14565810699279713,0.1639827806122449,1.0994759905261566,dataset
data/oxford-iiit-pet/images/British_Shorthair_10.jpg,233,350,0.6657142857142857,233,0.5610965479941977,0.13107961111076308,0.28794424019607845,0.07513552295918367,0.2980968096454493,dataset
data/oxford-iiit-pet/images/Russian_Blue_100.jpg,375,500,0.75,375,0.4903407456732693,0.23466215762526182,0.16643805959883953,0.09099968112244898,0.36009352791330707,dataset
data/oxford-iiit-pet/images/Bengal_151.jpg,300,225,1.3333333333333333,225,0.34275718099739894,0.2362549943739489,0.3532577093337335,0.15646922831632654,0.1685611753582363,dataset
data/oxford-iiit-pet/images/keeshond_40.jpg,320,480,0.6666666666666666,320,0.5510807447979192,0.26314890178078637,0.08105726665666267,0.10371492346938775,0.1308569343424494,dataset
data/oxford-iiit-pet/images/havanese_18.jpg,364,500,0.728,364,0.45618176958283313,0.2105592569448602,0.2462952368447379,0.10901626275510204,0.262054108014058,dataset
data/oxford-iiit-pet/images/chihuahua_180.jpg,218,300,0.7266666666666667,218,0.6217031343787515,0.1615768825246856,0.06739680247098839,0.03302375637755102,0.6465049511198206,dataset
data/oxford-iiit-pet/images/basset_hound_73.jpg,375,500,0.75,375,0.5755774966236494,0.22389469445106305,0.17594639418267308,0.0615234375,0.26450096103161935,dataset
data/oxford-iiit-pet/images/english_setter_85.jpg,500,333,1.5015015015015014,333,0.4701990171068427,0.1970288992542013,0.3798321672418968,0.26297433035714285,0.4340826273292311,dataset
data/oxford-iiit-pet/images/Maine_Coon_119.jpg,500,333,1.5015015015015014,333,0.4927768763755502,0.18485536715508646,0.1900561005652261,0.10381457270408163,0.1484824738638699,dataset
data/oxford-iiit-pet/images/great_pyrenees_9.jpg,377,480,0.7854166666666667,377,0.3021442952180872,0.15087270326916455,0.09527435974389756,0.16589604591836735,0.36799164983526766,dataset
data/oxford-iiit-pet/images/yorkshire_terrier_41.jpg,500,333,1.5015015015015014,333,0.4198758409613845,0.1874480722568587,0.34249473226790716,0.10744180484693877,0.10385908338425653,dataset
data/oxford-iiit-pet/images/Birman_3.jpg,500,375,1.3333333333333333,375,0.547023262429972,0.23345465671118987,0.2370668579931973,0.09875239158163265,0.9697519332781953,dataset
data/oxford-iiit-pet/images/keeshond_48.jpg,500,333,1.5015015015015014,333,0.3908807272909164,0.10733597904437879,0.12846318214785915,0.09970902423469388,0.33929814177303297,dataset
data/oxford-iiit-pet/images/great_pyrenees_123.jpg,500,400,1.25,400,0.4558945453181273,0.28869332226674116,0.2982689950980392,0.1475207270408163,0.4793841629801502,dataset
data/oxford-iiit-pet/images/Ragdoll_80.jpg,375,500,0.75,375,0.32439155349639853,0.24058700537587993,0.25518246361044417,0.0447624362244898,0.7381209375997214,dataset
data/oxford-iiit-pet/images/german_shorthaired_70.jpg,500,333,1.5015015015015014,333,0.5509041116446578,0.23153934259537481,0.10557676195478191,0.13962850765306123,0.15413397326666287,dataset
data/oxford-iiit-pet/images/Egyptian_Mau_91.jpg,325,299,1.0869565217391304,299,0.44130746048419367,0.26574373248262523,0.6202448948329331,0.11389907525510204,0.20763542604812657,dataset
data/oxford-iiit-pet/images/great_pyrenees_104.jpg,500,396,1.2626262626262625,396,0.5921326343037214,0.26247569648634206,0.15048964898459385,0.1503308354591837,0.6410948641485709,dataset
data/oxford-iiit-pet/images/British_Shorthair_175.jpg,500,375,1.3333333333333333,375,0.44651055734793915,0.1996863460977871,0.23286822541516608,0.29561941964285715,0.3736969140645293,dataset
data/oxford-iiit-pet/images/great_pyrenees_56.jpg,500,375,1.3333333333333333,375,0.5431001306772709,0.27207939601655257,0.08884444402761105,0.07965959821428571,0.3987789025373509,dataset
data/oxford-iiit-pet/images/scottish_terrier_137.jpg,348,500,0.696,348,0.46521522671568627,0.24194824663102976,0.3414826086684674,0.2659239477040816,0.3043130230994431,dataset
data/oxford-iiit-pet/images/Sphynx_229.jpg,281,250,1.124,250,0.5021974414765906,0.11665325883636539,0.13530419980492198,0.10662468112244898,0.3878308895268843,dataset
data/oxford-iiit-pet/images/american_bulldog_52.jpg,365,500,0.73,365,0.44795027385954383,0.21758596246148962,0.2221966130202081,0.16083386479591838,0.476737863430377,dataset
data/oxford-iiit-pet/images/shiba_inu_30.jpg,500,333,1.5015015015015014,333,0.4627812843887555,0.2847480626003199,0.46518857543017206,0.06020806760204082,0.3329564455843667,dataset
data/oxford-iiit-pet/images/wheaten_terrier_59.jpg,500,359,1.392757660167131,359,0.4274791948029212,0.23671365408171974,0.5719891862995199,0.17119738520408162,0.4423028908394937,dataset
data/oxford-iiit-pet/images/shiba_inu_34.jpg,500,332,1.5060240963855422,332,0.738884069252701,0.14608574032349242,0.1919828087484994,0.03559470663265306,0.17516401081325947,dataset
data/oxford-iiit-pet/images/english_setter_62.jpg,500,464,1.0775862068965518,464,0.5169181735194077,0.20114872638303793,0.31650027198379355,0.15459582270408162,0.22577104985177412,dataset
data/oxford-iiit-pet/images/Ragdoll_162.jpg,500,375,1.3333333333333333,375,0.5549494797919168,0.21097299855576,0.2241687299919968,0.11338089923469388,0.52229287570823,dataset
data/oxford-iiit-pet/images/yorkshire_terrier_85.jpg,500,334,1.4970059880239521,334,0.5124219218937575,0.2541918085174055,0.32331041791716686,0.1996173469387755,0.21572194729290387,dataset
data/oxford-iiit-pet/images/beagle_32.jpg,500,333,1.5015015015015014,333,0.4431310805572229,0.2318195980834024,0.25977492559523807,0.06108498086734694,1.4751169212427746,dataset
data/oxford-iiit-pet/images/saint_bernard_195.jpg,500,375,1.3333333333333333,375,0.5078489208183273,0.2691012783851468,0.2461832389205682,0.16290656887755103,0.5571164619224239,dataset
data/oxford-iiit-pet/images/basset_hound_56.jpg,500,331,1.5105740181268883,331,0.46220714848439376,0.18729748353356693,0.49427575717787114,0.13283242984693877,0.4045414189323649,dataset
data/oxford-iiit-pet/images/staffordshire_bull_terrier_57.jpg,500,333,1.5015015015015014,333,0.24689821240996399,0.1383186565432196,0.35912880777310924,0.06317761479591837,0.18036403751566757,dataset
data/oxford-iiit-pet/images/Maine_Coon_31.jpg,359,500,0.718,359,0.2561737194877951,0.20057603036425817,0.22142458545918367,0.15862165178571427,0.14224398899576488,dataset
data/oxford-iiit-pet/images/Sphynx_160.jpg,500,372,1.3440860215053763,372,0.42564119397759104,0.2404993180886059,0.5035683804771909,0.14913504464285715,0.3292585251413703,dataset
data/oxford-iiit-pet/images/great_pyrenees_162.jpg,500,375,1.3333333333333333,375,0.40206074617346943,0.23469635482493706,0.16341661664665866,0.08175223214285714,0.5583042430459696,dataset
data/oxford-iiit-pet/images/Abyssinian_88.jpg,500,357,1.4005602240896358,357,0.618897949804922,0.23667942399548642,0.1549733956082433,0.263492506377551,0.5536082860392983,dataset
data/oxford-iiit-pet/images/Egyptian_Mau_50.jpg,636,477,1.3333333333333333,477,0.295024025235094,0.19141507154158768,0.3721077493497399,0.11794483418367346,0.19665270119462025,dataset
data/oxford-iiit-pet/images/american_pit_bull_terrier_13.jpg,375,500,0.75,375,0.460968137254902,0.17202112069192615,0.5140649228441376,0.05841438137755102,0.37984607337719023,dataset
data/oxford-iiit-pet/images/Russian_Blue_20.jpg,332,500,0.664,332,0.5510459652611044,0.2028273218081259,0.20024298782012803,0.13952885841836735,0.7298420050251141,dataset
data/oxford-iiit-pet/images/staffordshire_bull_terrier_15.jpg,469,500,0.938,469,0.3729699692376951,0.1599732074135649,0.4145832551770708,0.06146364795918367,0.16217174079524682,dataset
data/oxford-iiit-pet/images/pomeranian_193.jpg,300,225,1.3333333333333333,225,0.4854176826980793,0.11449595851114469,0.2526124512304922,0.048549107142857144,0.5314269218045226,dataset
data/oxford-iiit-pet/images/leonberger_153.jpg,353,500,0.706,353,0.6369830744797919,0.27242489770922634,0.11491510666766706,0.10580755739795919,0.3610034313441328,dataset
data/oxford-iiit-pet/images/german_shorthaired_169.jpg,500,375,1.3333333333333333,375,0.405554018482393,0.23145376844288873,0.39236624337234893,0.25583944515306123,1.0400317620336523,dataset
data/oxford-iiit-pet/images/wheaten_terrier_13.jpg,500,334,1.4970059880239521,334,0.46966317777110844,0.15868330535939987,0.5545218868797519,0.22624362244897958,0.5103302501883691,dataset
data/oxford-iiit-pet/images/saint_bernard_27.jpg,500,375,1.3333333333333333,375,0.7023438281562625,0.16469146029916468,0.13159271521108443,0.09219547193877552,0.3530957696777174,dataset
data/oxford-iiit-pet/images/Sphynx_129.jpg,500,332,1.5060240963855422,332,0.34743381727691075,0.23653463487865678,0.5059321384803922,0.08023756377551021,0.7009834206100132,dataset
data/oxford-iiit-pet/images/Birman_125.jpg,334,500,0.668,334,0.4768165078531413,0.23751326060030437,0.09517799307222889,0.08248963647959184,0.44084226185463166,dataset
data/oxford-iiit-pet/images/shiba_inu_117.jpg,500,342,1.4619883040935673,342,0.21086043792517006,0.2206275072952871,0.6487300388905562,0.04689492984693878,0.19362495950671987,dataset
data/oxford-iiit-pet/images/great_pyrenees_20.jpg,369,480,0.76875,369,0.5389945822078832,0.20166349164828598,0.15226871998799518,0.2406329719387755,0.4851371910243826,dataset
data/oxford-iiit-pet/images/miniature_pinscher_115.jpg,300,210,1.4285714285714286,210,0.3679669524059624,0.2758760365220723,0.263773087359944,0.09823421556122448,1.6277611709086077,dataset
data/oxford-iiit-pet/images/Persian_83.jpg,500,482,1.037344398340249,482,0.5368652929921969,0.19777294768324477,0.46353963460384157,0.10427295918367346,0.18827325232375342,dataset
data/oxford-iiit-pet/images/British_Shorthair_9.jpg,298,224,1.3303571428571428,224,0.4308414772158864,0.14891979642865397,0.6494715073529411,0.0872329400510204,0.24191442578813416,dataset
data/oxford-iiit-pet/images/keeshond_198.jpg,500,333,1.5015015015015014,333,0.5373536914765906,0.287626604276408,0.1619405574729892,0.26365194515306123,0.5039117809526075,dataset
data/oxford-iiit-pet/images/Birman_45.jpg,500,375,1.3333333333333333,375,0.4913871017156863,0.22339619156596208,0.285413618572429,0.07049186862244898,0.6150143674656439,dataset
data/oxford-iiit-pet/images/yorkshire_terrier_36.jpg,500,375,1.3333333333333333,375,0.5714853910314126,0.24580452020438798,0.21568307010304122,0.19708625637755103,0.3083937629442533,dataset
data/oxford-iiit-pet/images/american_pit_bull_terrier_137.jpg,300,225,1.3333333333333333,225,0.3554105235844338,0.14292496869749569,0.41033538415366144,0.03677056760204082,0.32195368436609695,dataset
data/oxford-iiit-pet/images/american_bulldog_167.jpg,500,375,1.3333333333333333,375,0.1625079719387755,0.1958972694250807,0.48457617421968785,0.05385044642857143,0.11868883890801495,dataset
data/oxford-iiit-pet/images/yorkshire_terrier_149.jpg,300,225,1.3333333333333333,225,0.3226923581932773,0.14685573541471109,0.23535250037515007,0.09271364795918367,1.077767336327447,dataset
data/oxford-iiit-pet/images/Persian_90.jpg,500,375,1.3333333333333333,375,0.448585137179872,0.21818352139605673,0.15138883678471388,0.07535475127551021,1.1121001161460489,dataset
data/oxford-iiit-pet/images/samoyed_47.jpg,333,500,0.666,333,0.4965958258303321,0.25561352702003526,0.09947471175970388,0.0362922512755102,0.4725010932182204,dataset
data/oxford-iiit-pet/images/Persian_135.jpg,500,352,1.4204545454545454,352,0.5803519063875551,0.1171019295118722,0.08462971125950379,0.09428810586734694,0.42080987168436945,dataset
data/oxford-iiit-pet/images/newfoundland_58.jpg,333,500,0.666,333,0.3456402092086835,0.24703498343916644,0.1647703612695078,0.12665417729591838,0.5536882533937009,dataset
data/oxford-iiit-pet/images/yorkshire_terrier_31.jpg,333,500,0.666,333,0.40017710209083635,0.24398193738820945,0.4066631340036015,0.3024952168367347,0.2495015962196788,dataset
data/oxford-iiit-pet/images/wheaten_terrier_53.jpg,500,331,1.5105740181268883,331,0.4669894520308123,0.2043109711748799,0.23499899959983994,0.11834343112244898,0.3172168062541834,dataset
data/oxford-iiit-pet/images/miniature_pinscher_22.jpg,500,375,1.3333333333333333,375,0.5273872830382154,0.21968260834200543,0.275344825430172,0.09791533801020408,0.35328499316659,dataset
data/oxford-iiit-pet/images/Persian_224.jpg,300,225,1.3333333333333333,225,0.49197483680972387,0.23702774985701033,0.2696233962334934,0.19762436224489796,0.528056068100551,dataset
data/oxford-iiit-pet/images/Persian_164.jpg,427,500,0.854,427,0.6032796712434974,0.2126217905482102,0.3837952368447379,0.07164779974489796,0.42688413194217983,dataset
data/oxford-iiit-pet/images/Bengal_117.jpg,500,332,1.5060240963855422,332,0.6607442195628251,0.21614658181894605,0.25695160876850737,0.1402264030612245,0.13960047881052548,dataset
data/oxford-iiit-pet/images/wheaten_terrier_144.jpg,500,375,1.3333333333333333,375,0.40029152285914366,0.25498918912090063,0.29635338510404163,0.1924426020408163,0.5481714938442503,dataset
data/oxford-iiit-pet/images/Siamese_81.jpg,375,500,0.75,375,0.580906425070028,0.2854925425116236,0.14888541354041618,0.06913663903061225,0.41833289488889197,dataset
data/oxford-iiit-pet/images/Abyssinian_219.jpg,207,300,0.69,207,0.2854856786464586,0.2831650135920913,0.42700869410264103,0.09275350765306123,0.39982446337062755,dataset
data/oxford-iiit-pet/images/newfoundland_112.jpg,489,500,0.978,489,0.338280781062425,0.27272241863759933,0.15886198229291718,0.11724728954081633,0.34579220021228996,dataset
data/oxford-iiit-pet/images/shiba_inu_164.jpg,500,333,1.5015015015015014,333,0.3445595425670268,0.16504794266656866,0.25669228628951585,0.06610730229591837,0.33602104816398454,dataset
data/oxford-iiit-pet/images/newfoundland_130.jpg,334,500,0.668,334,0.6005084064875951,0.34713990831884095,0.15914842499499798,0.11031170280612244,0.8782129494470148,dataset
data/oxford-iiit-pet/images/japanese_chin_78.jpg,500,375,1.3333333333333333,375,0.2989723233043218,0.24963871967105672,0.30284723264305724,0.07794563137755102,0.47500278467227897,dataset
data/oxford-iiit-pet/images/Ragdoll_161.jpg,500,309,1.6181229773462784,309,0.5620058179521809,0.22236209380539346,0.20953779949479792,0.06784119897959184,1.1714368723023936,dataset
data/oxford-iiit-pet/images/Abyssinian_167.jpg,313,310,1.0096774193548388,310,0.45717302546018407,0.17174253202589726,0.39525630564725894,0.23915816326530612,0.3755070500653989,dataset
data/oxford-iiit-pet/images/english_setter_144.jpg,500,332,1.5060240963855422,332,0.32593678096238493,0.2104268221252323,0.3433730523459384,0.2027264030612245,0.6980497728531917,dataset
data/oxford-iiit-pet/images/newfoundland_42.jpg,500,375,1.3333333333333333,375,0.4929374093387355,0.28583064078510645,0.38651609081132454,0.2451769770408163,0.5279948734796965,dataset
data/oxford-iiit-pet/images/samoyed_97.jpg,500,333,1.5015015015015014,333,0.4154703287565026,0.24745148047541396,0.15540309873949582,0.06562898596938775,0.39504520085278594,dataset
data/oxford-iiit-pet/images/saint_bernard_69.jpg,500,375,1.3333333333333333,375,0.4617872148859544,0.24392907660641472,0.34534032362945183,0.21795280612244897,0.6522592889658817,dataset
data/oxford-iiit-pet/images/german_shorthaired_81.jpg,283,500,0.566,283,0.42850054084133654,0.22920003245828152,0.1800127082082833,0.19999601403061223,0.22455135213328517,dataset
data/oxford-iiit-pet/images/scottish_terrier_143.jpg,463,442,1.0475113122171946,442,0.3856884159913966,0.209723360773935,0.43584019545318126,0.07537468112244898,0.17584104853247678,dataset
data/oxford-iiit-pet/images/Siamese_129.jpg,500,375,1.3333333333333333,375,0.5721535489195678,0.2541514429831763,0.11848426870748299,0.18036511479591838,0.8559309024080914,dataset
data/oxford-iiit-pet/images/samoyed_65.jpg,500,375,1.3333333333333333,375,0.46905848276810724,0.2638501190159692,0.4644103735244098,0.1359016262755102,0.2755072192894285,dataset
data/oxford-iiit-pet/images/japanese_chin_96.jpg,500,375,1.3333333333333333,375,0.4575804540566227,0.1848455941561319,0.35449632978191276,0.29354671556122447,0.47043236934150945,dataset
data/oxford-iiit-pet/images/pomeranian_36.jpg,500,339,1.4749262536873156,339,0.45935280362144854,0.1845098532385277,0.2773918942577031,0.10564811862244898,0.3913295912764579,dataset
data/oxford-iiit-pet/images/english_setter_100.jpg,334,500,0.668,334,0.35080672894157666,0.24667672453932188,0.31626463085234097,0.13707748724489796,0.2571407811052835,dataset
data/oxford-iiit-pet/images/shiba_inu_203.jpg,500,366,1.366120218579235,366,0.45044885141556623,0.28188769809080644,0.42618086297018803,0.14552774234693877,0.5492235679773514,dataset
data/oxford-iiit-pet/images/British_Shorthair_193.jpg,500,332,1.5060240963855422,332,0.7040240314875951,0.26046261790417424,0.08335810886854743,0.06132413903061224,0.22538056559375075,dataset
data/oxford-iiit-pet/images/Egyptian_Mau_140.jpg,500,375,1.3333333333333333,375,0.40888972776610644,0.19572346133022042,0.34399924032112844,0.26542570153061223,0.415142437347362,dataset
data/oxford-iiit-pet/images/american_pit_bull_terrier_95.jpg,299,500,0.598,299,0.5486516481592637,0.25108680880878104,0.2810801664415767,0.10778061224489796,0.39720807039430195,dataset
data/oxford-iiit-pet/images/newfoundland_126.jpg,443,500,0.886,443,0.4793737807623049,0.29238671974173186,0.17662072641556623,0.11168686224489796,0.4297699953290793,dataset
data/oxford-iiit-pet/images/boxer_174.jpg,500,333,1.5015015015015014,333,0.3654472726590636,0.20541306409391238,0.27852250275110046,0.16942362882653061,0.6385425268116843,dataset
data/oxford-iiit-pet/images/miniature_pinscher_103.jpg,500,333,1.5015015015015014,333,0.5452260591736695,0.19095507803078954,0.19628257553021208,0.13879145408163265,0.28391386143549907,dataset
data/oxford-iiit-pet/images/samoyed_31.jpg,375,500,0.75,375,0.6179787540016006,0.2134319753909679,0.10322824442276911,0.06570870535714286,0.44942217546634355,dataset
data/oxford-iiit-pet/images/British_Shorthair_42.jpg,500,333,1.5015015015015014,333,0.6950519270208083,0.22238480336891644,0.11552769545318127,0.1064453125,0.26702145826628637,dataset
data/oxford-iiit-pet/images/english_setter_134.jpg,500,375,1.3333333333333333,375,0.29427481930272104,0.19173210558968293,0.21416121135954383,0.06588807397959184,0.2660519954215366,dataset
data/oxford-iiit-pet/images/leonberger_198.jpg,500,333,1.5015015015015014,333,0.4193779855692277,0.15092939177575718,0.3976569534063626,0.19102758290816327,0.3413376723203382,dataset
data/oxford-iiit-pet/images/shiba_inu_48.jpg,375,500,0.75,375,0.4745506796468587,0.20817949557286058,0.1776263630452181,0.20934311224489796,0.8638148238420298,dataset
data/oxford-iiit-pet/images/american_pit_bull_terrier_161.jpg,258,300,0.86,258,0.37054603091236493,0.2472842760303012,0.5053885616746698,0.2692323022959184,0.6581883353464169,dataset
data/oxford-iiit-pet/images/english_setter_48.jpg,500,333,1.5015015015015014,333,0.42383594062625046,0.1678351256792173,0.610415181697679,0.306819993622449,0.5328228218696446,dataset
data/oxford-iiit-pet/images/Maine_Coon_196.jpg,324,500,0.648,324,0.4452373136754702,0.18818970290801207,0.2667048850790316,0.05990911989795918,0.427749994458029,dataset
data/oxford-iiit-pet/images/Sphynx_156.jpg,500,333,1.5015015015015014,333,0.40328162515006,0.20187245284902003,0.3965517456982793,0.10833864795918367,0.2885760427327184,dataset
data/oxford-iiit-pet/images/samoyed_72.jpg,500,282,1.7730496453900708,282,0.4635977828631453,0.38836082901095803,0.2567330057022809,0.07587292729591837,1.1870215525659806,dataset
data/oxford-iiit-pet/images/Birman_129.jpg,500,375,1.3333333333333333,375,0.45399769282713087,0.28965817644084724,0.20082533013205284,0.16565688775510204,1.0282801060335964,dataset
data/oxford-iiit-pet/images/samoyed_200.jpg,500,375,1.3333333333333333,375,0.35908527473489393,0.23210390572558257,0.4770110387905162,0.22056361607142858,0.3082106760367984,dataset
data/oxford-iiit-pet/images/pomeranian_127.jpg,225,300,0.75,225,0.571579725640256,0.19490193464688782,0.32784746711184476,0.048150510204081634,0.7313666361380488,dataset
data/oxford-iiit-pet/images/Maine_Coon_180.jpg,500,333,1.5015015015015014,333,0.19740708783513405,0.19795633434511917,0.7894815738795519,0.058314732142857144,0.1594875227308363,dataset
data/oxford-iiit-pet/images/Abyssinian_152.jpg,424,500,0.848,424,0.5473963804271709,0.28688811878391013,0.3174207964435774,0.23577008928571427,0.25885657325365885,dataset
data/oxford-iiit-pet/images/Bengal_163.jpg,300,225,1.3333333333333333,225,0.2917195784563825,0.226222299647351,0.5839683529661865,0.13823341836734693,0.43992203464837604,dataset
data/oxford-iiit-pet/images/boxer_131.jpg,333,500,0.666,333,0.4771639905962385,0.1940311247994887,0.2937474208433373,0.26504703443877553,0.3182398776182274,dataset
data/oxford-iiit-pet/images/saint_bernard_43.jpg,500,375,1.3333333333333333,375,0.569297719087635,0.2980759593100901,0.30555870785814326,0.09681919642857142,0.8975467350172671,dataset
data/oxford-iiit-pet/images/miniature_pinscher_155.jpg,200,149,1.342281879194631,149,0.23210073091736694,0.11374062045757045,0.2419437306172469,0.04609773596938776,0.7143857520490124,dataset
data/oxford-iiit-pet/images/Maine_Coon_157.jpg,333,500,0.666,333,0.32956104316726686,0.19996407040297426,0.3294186424569828,0.1543765943877551,0.6090322240808855,dataset
data/oxford-iiit-pet/images/staffordshire_bull_terrier_53.jpg,500,333,1.5015015015015014,333,0.6897119003851541,0.2120178244144134,0.135234406262505,0.08374521683673469,0.2237134426674873,dataset
data/oxford-iiit-pet/images/leonberger_168.jpg,500,375,1.3333333333333333,375,0.34940476190476194,0.14349114152728806,0.30190021321028415,0.04087611607142857,0.24242220861367192,dataset
data/oxford-iiit-pet/images/Abyssinian_22.jpg,500,373,1.3404825737265416,373,0.47769506239995996,0.21867859923254226,0.3242683792266907,0.1512077487244898,1.1585279472722287,dataset
data/oxford-iiit-pet/images/newfoundland_22.jpg,500,333,1.5015015015015014,333,0.4679425676520608,0.18346866305869033,0.28529997936674667,0.23126594387755103,1.3639829720279308,dataset
data/oxford-iiit-pet/images/staffordshire_bull_terrier_172.jpg,500,375,1.3333333333333333,375,0.5461144614095638,0.2633840373200464,0.186297175120048,0.19678730867346939,0.2689555125770998,dataset
data/oxford-iiit-pet/images/boxer_188.jpg,500,332,1.5060240963855422,332,0.40033841661664665,0.2184656632660097,0.5679640606242498,0.07409917091836735,0.11700538416567847,dataset
data/oxford-iiit-pet/images/pug_35.jpg,500,343,1.4577259475218658,343,0.5531679859443778,0.2300817772890346,0.24200695903361347,0.27895806760204084,0.4097498552768101,dataset
data/oxford-iiit-pet/images/wheaten_terrier_1.jpg,500,375,1.3333333333333333,375,0.39501667854641853,0.20281827527234372,0.4203779949479792,0.09321189413265306,0.09680816772210087,dataset
data/oxford-iiit-pet/images/shiba_inu_92.jpg,500,333,1.5015015015015014,333,0.3146534395008003,0.18175414796031863,0.35678724614845936,0.13494499362244897,0.19613290878031447,dataset
data/oxford-iiit-pet/images/Maine_Coon_121.jpg,500,354,1.4124293785310735,354,0.4143167423219288,0.12426354593355517,0.7261821916266507,0.11597177933673469,0.5424258417118613,dataset
data/oxford-iiit-pet/images/american_bulldog_189.jpg,334,500,0.668,334,0.494187675070028,0.2833976586416366,0.20251577193377351,0.07003348214285714,0.30371980243673696,dataset
data/oxford-iiit-pet/images/Bengal_103.jpg,500,371,1.3477088948787062,371,0.6169098107993197,0.35686145878644443,0.14600871598639456,0.11730707908163265,0.09653172041175614,dataset
data/oxford-iiit-pet/images/shiba_inu_183.jpg,500,460,1.0869565217391304,460,0.49605029511804727,0.19151586243286225,0.22516514418267308,0.30552455357142855,0.4553363837946872,dataset
data/oxford-iiit-pet/images/beagle_52.jpg,500,280,1.7857142857142858,280,0.40519090448679473,0.15358753179739987,0.5046380270858343,0.30416932397959184,0.5217123305429524,dataset
data/oxford-iiit-pet/images/staffordshire_bull_terrier_101.jpg,333,500,0.666,333,0.3661048012955182,0.21156376921294126,0.31450791254001603,0.16725127551020408,0.21511633962882426,dataset
data/oxford-iiit-pet/images/leonberger_102.jpg,370,500,0.74,370,0.7090559661364545,0.1974201316124351,0.11345077093337334,0.11190609056122448,0.12812677640849848,dataset
data/oxford-iiit-pet/images/english_setter_190.jpg,500,375,1.3333333333333333,375,0.4472077893657463,0.2952038192200216,0.28756854304221685,0.1595782844387755,0.4655423873112968,dataset
data/oxford-iiit-pet/images/British_Shorthair_116.jpg,500,500,1.0,500,0.5659448154261705,0.21797297982559818,0.24750744047619047,0.09962930484693877,0.05093820222532786,dataset
data/oxford-iiit-pet/images/havanese_190.jpg,500,375,1.3333333333333333,375,0.5852559773909564,0.2603100435244117,0.13545980892356943,0.13219467474489796,1.0383758651684223,dataset
data/oxford-iiit-pet/images/scottish_terrier_75.jpg,500,430,1.1627906976744187,430,0.4210568602440976,0.18759045185718423,0.321546743697479,0.16926419005102042,0.8223708158031442,dataset
data/oxford-iiit-pet/images/great_pyrenees_99.jpg,500,375,1.3333333333333333,375,0.5548306822729092,0.14146156318309314,0.34138546043417367,0.1378547512755102,0.269080379446642,dataset
data/oxford-iiit-pet/images/samoyed_50.jpg,500,375,1.3333333333333333,375,0.3925296681172469,0.18915342844704358,0.19906994047619048,0.17893016581632654,0.46962222386659286,dataset
data/oxford-iiit-pet/images/Maine_Coon_57.jpg,332,500,0.664,332,0.24412124224689877,0.19740316842613484,0.16699562637555024,0.14303651147959184,0.122051392523569,dataset
data/oxford-iiit-pet/images/american_pit_bull_terrier_112.jpg,300,225,1.3333333333333333,225,0.28084139905962385,0.27607018563479224,0.5106665322378952,0.04318797831632653,0.4262246255039128,dataset
data/oxford-iiit-pet/images/shiba_inu_26.jpg,333,500,0.666,333,0.5891124418517407,0.1826645392159796,0.2528490302370949,0.06186224489795918,0.8222226321262222,dataset
data/oxford-iiit-pet/images/pug_28.jpg,500,333,1.5015015015015014,333,0.5999552946178471,0.2580501994001765,0.09490554034113646,0.17841198979591838,0.13855722879867774,dataset
data/oxford-iiit-pet/images/english_cocker_spaniel_187.jpg,500,375,1.3333333333333333,375,0.4292348970838335,0.23867827332545413,0.1540749112144858,0.09998804209183673,0.34216111494487805,dataset
data/oxford-iiit-pet/images/german_shorthaired_30.jpg,500,336,1.4880952380952381,336,0.48283391481592636,0.18796994179355409,0.3200539590836335,0.15583147321428573,0.22552024577884877,dataset
data/oxford-iiit-pet/images/english_setter_155.jpg,500,390,1.2820512820512822,390,0.49893777823629454,0.2633124753724976,0.23994730704781914,0.20693160076530612,0.42597678954101365,dataset
data/oxford-iiit-pet/images/german_shorthaired_98.jpg,334,500,0.668,334,0.6176388524159664,0.2065532027090651,0.1517264718387355,0.1295440051020408,0.0954723864169816,dataset
data/oxford-iiit-pet/images/shiba_inu_1.jpg,500,375,1.3333333333333333,375,0.457226406187475,0.26281878352769283,0.4805736357042817,0.17980707908163265,0.36282997317503435,dataset
data/oxford-iiit-pet/images/english_setter_165.jpg,500,375,1.3333333333333333,375,0.4372302827380953,0.2450236519410579,0.21757398271808723,0.12480070153061225,0.576692922506575,dataset
data/oxford-iiit-pet/images/scottish_terrier_197.jpg,500,407,1.2285012285012284,407,0.46976181097438974,0.29988815830796933,0.145789018732493,0.07350127551020408,0.5159672057719649,dataset
data/oxford-iiit-pet/images/pomeranian_148.jpg,300,225,1.3333333333333333,225,0.1857686824729892,0.17685012998718888,0.4042485744297719,0.04547991071428571,0.3540199631943317,dataset
data/oxford-iiit-pet/images/staffordshire_bull_terrier_99.jpg,333,500,0.666,333,0.479202931172469,0.39148043156071666,0.3220407694327731,0.16677295918367346,0.3691944603840598,dataset
data/oxford-iiit-pet/images/Ragdoll_18.jpg,500,333,1.5015015015015014,333,0.6094039959733893,0.18229334120533683,0.14453093737494999,0.0457389987244898,0.3267956234325926,dataset
data/oxford-iiit-pet/images/saint_bernard_120.jpg,500,331,1.5105740181268883,331,0.5771300707783114,0.16707769485074894,0.3033691601640656,0.05131935586734694,0.17801530014673195,dataset
data/oxford-iiit-pet/images/basset_hound_15.jpg,500,332,1.5060240963855422,332,0.31649081507603044,0.21724799894974728,0.6712967218137255,0.13783482142857142,0.5434837653162167,dataset
data/oxford-iiit-pet/images/leonberger_17.jpg,500,375,1.3333333333333333,375,0.5272265937625049,0.22620830615695733,0.23352544142657064,0.21396683673469388,0.10708385350785679,dataset
data/oxford-iiit-pet/images/keeshond_115.jpg,500,333,1.5015015015015014,333,0.49645686399559824,0.20459234679284638,0.1268797362695078,0.09221540178571429,0.12697844267771938,dataset
data/oxford-iiit-pet/images/chihuahua_183.jpg,288,300,0.96,288,0.6564017013055222,0.31477023975648805,0.10054310786814727,0.09783561862244898,0.5250302864547955,dataset
data/oxford-iiit-pet/images/British_Shorthair_96.jpg,335,500,0.67,335,0.43178029024109643,0.2625030033828142,0.20071489533313325,0.1194595025510204,0.30335375540128934,dataset
data/oxford-iiit-pet/images/Bengal_134.jpg,300,225,1.3333333333333333,225,0.3613796299769908,0.12943593960975167,0.514085868722489,0.11118861607142858,0.6702523929551472,dataset
data/oxford-iiit-pet/images/boxer_144.jpg,500,375,1.3333333333333333,375,0.4218381102440976,0.17536182532881076,0.41581202793617444,0.27371651785714285,0.5820961942178436,dataset
data/oxford-iiit-pet/images/Siamese_200.jpg,375,500,0.75,375,0.5092788677971188,0.1394940917008939,0.41411361419567827,0.06652582908163265,0.6552686051497403,dataset
data/oxford-iiit-pet/images/chihuahua_108.jpg,265,300,0.8833333333333333,265,0.4855453900310124,0.18172058965730573,0.33493209783913563,0.17410714285714285,1.5967217828431508,dataset
data/oxford-iiit-pet/images/staffordshire_bull_terrier_81.jpg,500,375,1.3333333333333333,375,0.5101916547869148,0.2019939005016567,0.43191221801220486,0.13295200892857142,0.2996284622296178,dataset
data/oxford-iiit-pet/images/beagle_124.jpg,500,333,1.5015015015015014,333,0.41028825592737095,0.20712978317610087,0.4326268788765506,0.0587531887755102,0.3835998414288102,dataset
data/oxford-iiit-pet/images/chihuahua_57.jpg,500,334,1.4970059880239521,334,0.3449353178771508,0.25827514862912276,0.46288359093637454,0.0840640943877551,0.8664865396799405,dataset
data/oxford-iiit-pet/images/english_cocker_spaniel_30.jpg,500,375,1.3333333333333333,375,0.23104405824829932,0.22596914343438534,0.3772002551020408,0.10214046556122448,0.1803068205643382,dataset
data/oxford-iiit-pet/images/newfoundland_147.jpg,500,334,1.4970059880239521,334,0.3327234018607443,0.32684868513766924,0.2825703718987595,0.05430883290816327,0.4867962585072362,dataset
data/oxford-iiit-pet/images/newfoundland_177.jpg,333,500,0.666,333,0.32268493334833936,0.24433809083221966,0.4852448792016807,0.07788584183673469,2.0840463888519496,dataset
data/oxford-iiit-pet/images/Abyssinian_57.jpg,375,500,0.75,375,0.4052449104641857,0.2315927483673328,0.42302217762104843,0.11369977678571429,0.7370361561030624,dataset
data/oxford-iiit-pet/images/Abyssinian_141.jpg,461,500,0.922,461,0.5083534194927971,0.1530247492082597,0.17613076480592238,0.08761160714285714,0.13897090744128957,dataset
data/oxford-iiit-pet/images/american_pit_bull_terrier_63.jpg,333,500,0.666,333,0.6024500425170068,0.1727493253072604,0.21300965698779512,0.18600526147959184,1.1055661565008887,dataset
data/oxford-iiit-pet/images/american_bulldog_218.jpg,449,500,0.898,449,0.4366002651060424,0.22405607992250345,0.31160683023209285,0.06622688137755102,0.284990967089082,dataset
data/oxford-iiit-pet/images/saint_bernard_72.jpg,307,460,0.6673913043478261,307,0.5070525866596638,0.2099518965524187,0.2600223683223289,0.11794483418367346,0.7313078457533646,dataset
data/oxford-iiit-pet/images/american_bulldog_48.jpg,500,376,1.3297872340425532,376,0.42429479604341735,0.2793447241873411,0.2261672637805122,0.12535873724489796,0.478741263660675,dataset
data/oxford-iiit-pet/images/great_pyrenees_131.jpg,500,405,1.2345679012345678,405,0.370297337685074,0.17886650551818076,0.18497422406462585,0.05739795918367347,0.34348698676599837,dataset
data/oxford-iiit-pet/images/shiba_inu_62.jpg,274,500,0.548,274,0.7688634047368947,0.12191866864943837,0.13321891256502602,0.23389668367346939,0.2302135756905946,dataset
data/oxford-iiit-pet/images/scottish_terrier_112.jpg,375,500,0.75,375,0.6347090398659464,0.27687444269992,0.24930394032613046,0.10829878826530612,0.20666856859644697,dataset
data/oxford-iiit-pet/images/boxer_54.jpg,500,464,1.0775862068965518,464,0.7756836328281312,0.2461267592177219,0.20015740671268506,0.09695870535714286,0.21911313564615187,dataset
data/oxford-iiit-pet/images/keeshond_88.jpg,500,375,1.3333333333333333,375,0.47726778211284515,0.20363567288236267,0.17922629989495797,0.26516661352040816,0.6513554815286655,dataset
data/oxford-iiit-pet/images/Siamese_55.jpg,500,375,1.3333333333333333,375,0.41634778911564624,0.2063138921052833,0.32969812925170067,0.30155851403061223,0.43137157843994106,dataset
data/oxford-iiit-pet/images/havanese_19.jpg,333,500,0.666,333,0.5403780262104841,0.233525253465749,0.16965739420768308,0.11844308035714286,0.4451585742987297,dataset
data/oxford-iiit-pet/images/Persian_131.jpg,500,375,1.3333333333333333,375,0.4991688863045218,0.1941043144798611,0.21471236932272908,0.18413185586734693,0.8147745787137821,dataset
data/oxford-iiit-pet/images/Birman_97.jpg,500,332,1.5060240963855422,332,0.6044076224239696,0.3183377082987722,0.1627984006102441,0.028738839285714284,0.8479914983484371,dataset
data/oxford-iiit-pet/images/japanese_chin_146.jpg,500,375,1.3333333333333333,375,0.3992736156962785,0.20559758122222957,0.31147670005502204,0.12131297831632654,0.2710226093158899,dataset
data/oxford-iiit-pet/images/Sphynx_213.jpg,300,225,1.3333333333333333,225,0.5214821866246498,0.32615462283488045,0.06503914065626251,0.053989955357142856,0.34880187869165435,dataset
data/oxford-iiit-pet/images/beagle_151.jpg,500,374,1.3368983957219251,374,0.3638604660614246,0.25877358692096053,0.583157169117647,0.13478555484693877,0.5108774188069758,dataset
data/oxford-iiit-pet/images/american_bulldog_5.jpg,375,500,0.75,375,0.5401263630452181,0.3196869563209074,0.17488174957482994,0.1783721301020408,0.23585943194932987,dataset
data/oxford-iiit-pet/images/Siamese_141.jpg,500,375,1.3333333333333333,375,0.6152217136854742,0.2715969099993505,0.21561304209183674,0.16633450255102042,0.6432866021622057,dataset
data/oxford-iiit-pet/images/samoyed_112.jpg,500,366,1.366120218579235,366,0.4514873918317327,0.24815839501954834,0.14655690401160465,0.06544961734693877,0.35117950201231807,dataset
data/oxford-iiit-pet/images/american_bulldog_58.jpg,500,334,1.4970059880239521,334,0.24178413552921166,0.128525592326819,0.27695171818727493,0.09141820790816327,0.3471171899670203,dataset
data/oxford-iiit-pet/images/boxer_163.jpg,500,375,1.3333333333333333,375,0.5616716217737094,0.17985298206728634,0.14077928046218488,0.13486527423469388,0.36852955747575283,dataset
data/oxford-iiit-pet/images/Bombay_220.jpg,297,225,1.32,225,0.43664676808223285,0.241710322028223,0.24657613045218088,0.07118941326530612,0.26551096651687867,dataset
data/oxford-iiit-pet/images/Egyptian_Mau_218.jpg,600,800,0.75,600,0.4272011929771909,0.23989725551286226,0.1430748080482193,0.20149075255102042,0.2669783972276629,dataset
data/oxford-iiit-pet/images/american_pit_bull_terrier_73.jpg,500,375,1.3333333333333333,375,0.40776498099239694,0.2456590855480261,0.4311652786114446,0.23523198341836735,0.4608165236085659,dataset
data/oxford-iiit-pet/images/Maine_Coon_144.jpg,473,500,0.946,473,0.38879473664465786,0.14242229540916587,0.4553247861644658,0.16159119897959184,0.13476633334288823,dataset
data/oxford-iiit-pet/images/Sphynx_203.jpg,332,500,0.664,332,0.4339705413415366,0.21986497968902186,0.31083839785914363,0.1190609056122449,0.29072493475259864,dataset
data/oxford-iiit-pet/images/Russian_Blue_118.jpg,281,500,0.562,281,0.4523995535714286,0.2827384165814389,0.24203220350640256,0.1252391581632653,0.506446583118435,dataset
data/oxford-iiit-pet/images/yorkshire_terrier_132.jpg,300,225,1.3333333333333333,225,0.4904910401660664,0.24889763951898777,0.20586711246998798,0.15001195790816327,0.664913240170602,dataset
data/oxford-iiit-pet/images/american_pit_bull_terrier_58.jpg,375,500,0.75,375,0.47298802333433376,0.18570702333448122,0.41839313850540216,0.1123046875,0.29712076376272634,dataset
data/oxford-iiit-pet/images/Sphynx_83.jpg,500,332,1.5060240963855422,332,0.30719772283913566,0.1752674052743642,0.5197294542817127,0.07200653698979592,0.15824647448532556,dataset
data/oxford-iiit-pet/images/British_Shorthair_99.jpg,500,333,1.5015015015015014,333,0.48308721926270504,0.2319593002726015,0.4594798857042817,0.12432238520408163,0.48569562635581126,dataset
data/oxford-iiit-pet/images/yorkshire_terrier_110.jpg,378,500,0.756,378,0.5223372942927171,0.2448594459700539,0.49264987244897956,0.1611328125,0.17112000022105514,dataset
data/oxford-iiit-pet/images/american_pit_bull_terrier_173.jpg,300,225,1.3333333333333333,225,0.24125071903761505,0.15545328523924692,0.7584257921918768,0.03902264030612245,0.12850198527414747,dataset
data/oxford-iiit-pet/images/scottish_terrier_77.jpg,500,375,1.3333333333333333,375,0.6619649422268907,0.32454085912922886,0.1042921856242497,0.14821827168367346,0.2612992902837468,dataset
data/oxford-iiit-pet/images/japanese_chin_71.jpg,337,500,0.674,337,0.3252136792216887,0.29402139934353283,0.45640263918067225,0.053810586734693876,0.18370739704527086,dataset
data/oxford-iiit-pet/images/samoyed_46.jpg,333,500,0.666,333,0.4115203894057623,0.24857047216522593,0.14738192151860743,0.10556839923469388,0.8052354119124063,dataset
data/oxford-iiit-pet/images/leonberger_30.jpg,500,375,1.3333333333333333,375,0.5517613295318128,0.1361638745728992,0.3303132971938776,0.21958705357142858,0.43212408484789305,dataset
data/oxford-iiit-pet/images/samoyed_48.jpg,333,500,0.666,333,0.5264982555522209,0.22342192826248589,0.12532598977090836,0.04609773596938776,0.5131960391921196,dataset
data/oxford-iiit-pet/images/samoyed_67.jpg,500,375,1.3333333333333333,375,0.30571681797719086,0.21860904219489674,0.2712376356792717,0.1875597895408163,0.2129670440816002,dataset
data/oxford-iiit-pet/images/shiba_inu_122.jpg,327,500,0.654,327,0.46214767156862746,0.2121075585625621,0.46336823792016807,0.0953842474489796,0.2251826642432931,dataset
data/oxford-iiit-pet/images/Russian_Blue_173.jpg,500,427,1.17096018735363,427,0.4507456889005602,0.21404775816574426,0.11011232618047219,0.08372528698979592,0.2318615568991889,dataset
data/oxford-iiit-pet/images/chihuahua_115.jpg,300,279,1.075268817204301,279,0.5083903092486995,0.10388358534934762,0.2801683954831933,0.1525829081632653,0.2418877013815841,dataset
data/oxford-iiit-pet/images/British_Shorthair_72.jpg,333,500,0.666,333,0.4501172343937575,0.1832353461363775,0.5210600646508604,0.09677933673469388,0.1339218401720536,dataset
data/oxford-iiit-pet/images/wheaten_terrier_27.jpg,500,423,1.1820330969267139,423,0.638281093687475,0.2266319969234725,0.23397077581032413,0.1572863520408163,0.6362375368555927,dataset
data/oxford-iiit-pet/images/Birman_122.jpg,500,334,1.4970059880239521,334,0.46141597263905565,0.17457796061851605,0.38739339485794316,0.021683673469387755,0.30787275878530634,dataset
data/oxford-iiit-pet/images/Persian_217.jpg,300,226,1.3274336283185841,226,0.4184691063925571,0.1725449440609358,0.35127089898459385,0.07156808035714286,0.94641111845568,dataset
data/oxford-iiit-pet/images/havanese_82.jpg,500,333,1.5015015015015014,333,0.5553500306372549,0.20082783954249198,0.3239122211384554,0.05687978316326531,0.13188592696758353,dataset
data/oxford-iiit-pet/images/Persian_64.jpg,500,333,1.5015015015015014,333,0.46247459921468587,0.1791609309272371,0.33709499424769906,0.12472098214285714,0.23622731729004223,dataset
data/oxford-iiit-pet/images/wheaten_terrier_189.jpg,500,333,1.5015015015015014,333,0.6696934242446978,0.14978825713350744,0.23060325692777112,0.041892538265306124,0.28821604834736325,dataset
data/oxford-iiit-pet/images/keeshond_192.jpg,500,375,1.3333333333333333,375,0.5154197616546619,0.21230583730965005,0.17814500800320127,0.27792171556122447,0.22109254061899125,dataset
data/oxford-iiit-pet/images/english_setter_74.jpg,500,334,1.4970059880239521,334,0.31275166316526615,0.2089706372956225,0.6370629501800721,0.22628348214285715,0.3624708329139348,dataset
data/oxford-iiit-pet/images/english_setter_166.jpg,500,375,1.3333333333333333,375,0.5365032731842737,0.19417890223653608,0.11730559411264505,0.17143654336734693,0.6559779270843418,dataset
data/oxford-iiit-pet/images/miniature_pinscher_142.jpg,225,300,0.75,225,0.466953656462585,0.26370012292480643,0.2225374524809924,0.11977838010204081,0.5036610676690755,dataset
data/oxford-iiit-pet/images/Maine_Coon_32.jpg,500,418,1.1961722488038278,418,0.5615335196578631,0.18899223688294667,0.1103407769357743,0.26845503826530615,0.5028730371213675,dataset
data/oxford-iiit-pet/images/miniature_pinscher_108.jpg,500,333,1.5015015015015014,333,0.4799162633803521,0.17474575104353948,0.5334810486694678,0.0712890625,0.11650486187753759,dataset
data/oxford-iiit-pet/images/yorkshire_terrier_118.jpg,240,300,0.8,240,0.3802427220888355,0.22597215873904217,0.3154390662515006,0.13147720025510204,0.27370908936736704,dataset
data/oxford-iiit-pet/images/american_pit_bull_terrier_169.jpg,300,225,1.3333333333333333,225,0.29400861907262904,0.17642777617637082,0.55132818752501,0.06764190051020408,0.12874816397850325,dataset
data/oxford-iiit-pet/images/beagle_1.jpg,500,400,1.25,400,0.6050780468437376,0.19977166665663268,0.4226235025260104,0.06499123086734694,0.0774657844778913,dataset
data/oxford-iiit-pet/images/Russian_Blue_178.jpg,375,500,0.75,375,0.5198020614495799,0.2704539719608886,0.14011612457482994,0.09084024234693877,0.42812508327404414,dataset
data/oxford-iiit-pet/images/english_setter_67.jpg,500,346,1.4450867052023122,346,0.5910905768557423,0.11689672815014662,0.18665513080232093,0.0826889349489796,0.05733951897477236,dataset
data/oxford-iiit-pet/images/keeshond_188.jpg,500,375,1.3333333333333333,375,0.45816959596338536,0.16900378219756787,0.1969268176020408,0.14018654336734693,0.27099696921641814,dataset
data/oxford-iiit-pet/images/leonberger_18.jpg,263,500,0.526,263,0.45412540016006403,0.22387791203493942,0.36443835346638653,0.2540258290816326,0.23021501110961015,dataset
data/oxford-iiit-pet/images/leonberger_172.jpg,500,334,1.4970059880239521,334,0.6291003119997999,0.1893761160028326,0.11095430359643858,0.15790417729591838,0.6263059095977836,dataset
data/oxford-iiit-pet/images/Persian_263.jpg,262,335,0.7820895522388059,262,0.5214188018957583,0.2831604366592295,0.4421463116496599,0.09516501913265306,2.158252753122792,dataset
data/oxford-iiit-pet/images/samoyed_192.jpg,375,500,0.75,375,0.3146216299019608,0.19462155865658642,0.5153753688975591,0.20384247448979592,0.40684926057706067,dataset
data/oxford-iiit-pet/images/pug_164.jpg,230,300,0.7666666666666667,230,0.5354963078981593,0.13692187674893463,0.1075796724939976,0.16481983418367346,0.2529061242576307,dataset
data/oxford-iiit-pet/images/British_Shorthair_75.jpg,500,335,1.492537313432836,335,0.6757664784663866,0.19640624362257836,0.12125959758903561,0.08316725127551021,0.6209737405483552,dataset
data/oxford-iiit-pet/images/pug_63.jpg,500,333,1.5015015015015014,333,0.49330232092837134,0.191083235169027,0.2346032944427771,0.11702806122448979,0.24501801948604018,dataset
data/oxford-iiit-pet/images/British_Shorthair_110.jpg,500,333,1.5015015015015014,333,0.5764070471938775,0.22379332529282345,0.21104402698579433,0.15794403698979592,0.17050900256125412,dataset
data/oxford-iiit-pet/images/Egyptian_Mau_156.jpg,400,265,1.509433962264151,265,0.5682560524209683,0.1740351432532817,0.05997852265906362,0.33920599489795916,0.5917487964532452,dataset
data/oxford-iiit-pet/images/samoyed_162.jpg,500,333,1.5015015015015014,333,0.6918947266406563,0.09055870101844223,0.08462572529011606,0.02513153698979592,0.49873149975133557,dataset
data/oxford-iiit-pet/images/Ragdoll_69.jpg,500,375,1.3333333333333333,375,0.4543323579431773,0.22519388663417453,0.12926858243297318,0.06983418367346939,0.25584324752457344,dataset
data/oxford-iiit-pet/images/pug_182.jpg,176,300,0.5866666666666667,176,0.4349155287114846,0.16015934957785508,0.5309491765456182,0.08665497448979592,0.16098992010597,dataset
data/oxford-iiit-pet/images/japanese_chin_175.jpg,500,375,1.3333333333333333,375,0.13221780899859942,0.20400127763792084,0.0,0.06782126913265306,0.07621609235575036,dataset
data/oxford-iiit-pet/images/Persian_12.jpg,375,500,0.75,375,0.5136589010604242,0.2636381624275424,0.1837924232192877,0.07957987882653061,0.23314783569671452,dataset
data/oxford-iiit-pet/images/great_pyrenees_47.jpg,500,400,1.25,400,0.7883011798469388,0.177571435598541,0.06981355042016807,0.05450813137755102,0.3052578823242545,dataset
data/oxford-iiit-pet/images/boxer_134.jpg,375,500,0.75,375,0.6034831901510604,0.3806529015303377,0.0,0.08832908163265306,0.19420237358857792,dataset
data/oxford-iiit-pet/images/basset_hound_123.jpg,500,333,1.5015015015015014,333,0.2883377569777911,0.2103613101823049,0.30129989495798315,0.22999043367346939,0.5423374467563078,dataset
data/oxford-iiit-pet/images/german_shorthaired_137.jpg,332,500,0.664,332,0.4957079706882753,0.23338643691681205,0.3979129933223289,0.29239078443877553,0.3975708477678696,dataset
data/oxford-iiit-pet/images/havanese_176.jpg,333,500,0.666,333,0.4270827862394958,0.16276759671769536,0.3480812637555022,0.288883131377551,0.37799572885520055,dataset
data/oxford-iiit-pet/images/Maine_Coon_112.jpg,401,500,0.802,401,0.6566578975340136,0.16000362277865826,0.12420569790416167,0.04007892219387755,0.1374104187924931,dataset
data/oxford-iiit-pet/images/Abyssinian_116.jpg,333,500,0.666,333,0.416297143857543,0.24149061968177918,0.3527149922468988,0.14034598214285715,0.36415060190112736,dataset
data/oxford-iiit-pet/images/Siamese_168.jpg,500,375,1.3333333333333333,375,0.3449321916266507,0.21762467840738695,0.3047484618847539,0.11794483418367346,0.33380472781246784,dataset
data/oxford-iiit-pet/images/havanese_85.jpg,500,332,1.5060240963855422,332,0.43421900010004005,0.21030882051164035,0.5290416166466586,0.27096619897959184,0.2594522688502078,dataset
data/oxford-iiit-pet/images/beagle_195.jpg,335,500,0.67,335,0.2281858055722289,0.20500601176877098,0.6196928771508604,0.06475207270408163,0.18782014752996737,dataset
data/oxford-iiit-pet/images/pug_184.jpg,300,225,1.3333333333333333,225,0.40791402498499396,0.18517136471116877,0.19466739820928372,0.12197066326530612,0.49201120653744024,dataset
data/oxford-iiit-pet/images/american_bulldog_70.jpg,500,376,1.3297872340425532,376,0.41377582282913167,0.27404338406312084,0.2914184423769508,0.07565369897959184,0.9146647380418426,dataset
data/oxford-iiit-pet/images/miniature_pinscher_27.jpg,394,500,0.788,394,0.40308842286914764,0.3300969604021108,0.27690052583533414,0.18150111607142858,0.4604499258422213,dataset
data/oxford-iiit-pet/images/Persian_30.jpg,400,500,0.8,400,0.5863653273809524,0.19895506655466683,0.052195956507603045,0.12442203443877552,0.24972841235043586,dataset
data/oxford-iiit-pet/images/staffordshire_bull_terrier_173.jpg,500,375,1.3333333333333333,375,0.43749155912364945,0.24924735398410772,0.07444977991196479,0.13837292729591838,0.24057082281107425,dataset
data/oxford-iiit-pet/images/english_cocker_spaniel_89.jpg,334,500,0.668,334,0.46070717349439777,0.24348816569347392,0.3864775597739096,0.21083785076530612,0.509753027697124,dataset
data/oxford-iiit-pet/images/american_bulldog_131.jpg,500,376,1.3297872340425532,376,0.2838336897258904,0.24911964263654135,0.46033811962284915,0.0983139349489796,0.20385451674545466,dataset
data/oxford-iiit-pet/images/scottish_terrier_155.jpg,500,332,1.5060240963855422,332,0.4697593099739896,0.269578805042167,0.2231125262605042,0.24103156887755103,0.8132926304599373,dataset
data/oxford-iiit-pet/images/pug_107.jpg,375,500,0.75,375,0.3810138117747099,0.13127720707898385,0.07354269832933173,0.21340880102040816,0.7292478634850393,dataset
data/oxford-iiit-pet/images/yorkshire_terrier_195.jpg,500,334,1.4970059880239521,334,0.35853310074029615,0.20975637876417488,0.46392103716486593,0.11172672193877552,0.09719258523930996,dataset
data/oxford-iiit-pet/images/British_Shorthair_32.jpg,500,469,1.0660980810234542,469,0.2776512167366947,0.16349352111647178,0.43509419392757104,0.1253388073979592,0.6904932355839829,dataset
data/oxford-iiit-pet/images/wheaten_terrier_170.jpg,500,330,1.5151515151515151,330,0.37696070615746297,0.12333382812731274,0.1760267388205282,0.06750239158163265,0.1724428006741221,dataset
data/oxford-iiit-pet/images/pug_9.jpg,370,500,0.74,370,0.6280466092687075,0.24921199454234494,0.2746691645408163,0.15489477040816327,0.425957290827856,dataset
data/oxford-iiit-pet/images/saint_bernard_138.jpg,500,375,1.3333333333333333,375,0.47911477090836335,0.2641835484444059,0.2621453268807523,0.1087173150510204,0.4680983616641404,dataset
data/oxford-iiit-pet/images/american_pit_bull_terrier_202.jpg,300,225,1.3333333333333333,225,0.38605293679971986,0.16043950918500055,0.25576675982893154,0.2401745854591837,0.4300815427835216,dataset
data/oxford-iiit-pet/images/basset_hound_151.jpg,288,288,1.0,288,0.3112845919617847,0.1718559232792792,0.5863103053721488,0.06923628826530612,0.8195897087504362,dataset
data/oxford-iiit-pet/images/samoyed_167.jpg,500,335,1.492537313432836,335,0.580913537289916,0.131232236180647,0.14322283600940378,0.056341677295918366,1.225404478071395,dataset
data/oxford-iiit-pet/images/Sphynx_119.jpg,500,500,1.0,500,0.1189907994447779,0.1700281732164764,0.6237789647108843,0.05797592474489796,0.031764849833368754,dataset
data/oxford-iiit-pet/images/pug_171.jpg,300,219,1.36986301369863,219,0.6165080094537815,0.18653719032163854,0.14760810574229694,0.07579320790816327,0.18194874658828272,dataset
data/oxford-iiit-pet/images/shiba_inu_27.jpg,500,458,1.091703056768559,458,0.15519340548719487,0.20152209774573732,0.6075842837134854,0.1868622448979592,0.13224532964393368,dataset
data/oxford-iiit-pet/images/Maine_Coon_271.jpg,600,347,1.7291066282420748,347,0.7425161470838336,0.22892812183372302,0.2221079056622649,0.13103874362244897,0.3040265823965122,dataset
data/oxford-iiit-pet/images/yorkshire_terrier_87.jpg,500,333,1.5015015015015014,333,0.24698348089235694,0.18240107696256777,0.5741283232042818,0.1891143176020408,0.33683091883221744,dataset
external/beagle__ILSVRC2012_val_00000162_00.JPEG,500,375,1.3333333333333333,375,0.4050755458433373,0.1892431241707767,0.30751574067126847,0.27975526147959184,0.44375695550903893,external
external/boxer__ILSVRC2012_val_00000242_00.JPEG,500,389,1.2853470437017995,389,0.4398181147458984,0.1799576351228421,0.19182727778611447,0.1777941645408163,0.16866673088091938,external
external/chihuahua__ILSVRC2012_val_00000151_00.JPEG,500,398,1.256281407035176,398,0.48910228153761504,0.21583992582233372,0.3104164321978792,0.09311224489795919,1.5635801401447162,external
external/great_pyrenees__ILSVRC2012_val_00000257_00.JPEG,500,427,1.17096018735363,427,0.36944856067426973,0.26549862757519427,0.3828443095988395,0.10925542091836735,0.4924374813800543,external
external/newfoundland__ILSVRC2012_val_00000256_00.JPEG,375,500,0.75,375,0.5271011529611845,0.3243803063142685,0.15436487094837933,0.16254783163265307,0.8070395999121628,external
external/pomeranian__ILSVRC2012_val_00000259_00.JPEG,500,375,1.3333333333333333,375,0.6112402773609443,0.261251437101391,0.14541074242196877,0.11892139668367346,0.5608823744333825,external
external/pug__ILSVRC2012_val_00000254_00.JPEG,500,375,1.3333333333333333,375,0.5869633009453781,0.2904446377866793,0.19250114108143257,0.17679767219387754,0.24885342747040642,external
external/samoyed__ILSVRC2012_val_00000258_00.JPEG,500,333,1.5015015015015014,333,0.5981152617296919,0.3174806471482031,0.2306982949429772,0.06786112882653061,0.4572057168302402,external
